Name,Link,Avatar,Desc,Type,Email
è¿½é£Holy,https://awslasasd.github.io/,https://philfan-pic.oss-cn-beijing.aliyuncs.com/img/20250202205611297.png,ğŸ‘¦å­©å­ä½ æ— æ•Œäº†,0,''
å°èƒ–ä¸€æ—,https://lingzhiyxp.github.io/,https://avatars.githubusercontent.com/u/122017114?v=4,è¶…å¸…é”®ç›˜æ‰‹0zgg,0,''
Tenktau,https://github.com/Tenktau,https://avatars.githubusercontent.com/u/61775365?v=4,Sidere mens eadem mutato.,0,''
Weichky's Blog,https://blog.weichky.com,https://assets.weichky.com/imgs/favicon.png,ç‰©ä¸å¯ç©·ä¹Ÿï¼Œæ•…å—ä¹‹ä»¥æœªæµã€‚,0,''
Slowist's Notebook,https://slowist-lee.github.io/notebook/,https://slowist-lee.github.io/navigation/images/slowist-logo.jpg,Follow My Heart!( à¸‡ `Ï‰Â´ )Û¶,0,''
Moni-aphia,https://moni-aphia.github.io/index.html,https://avatars.githubusercontent.com/u/157952976?v=4,æ— æ—¶æ— åˆ»ä¸æ¸¸è¡åœ¨å¸Œæœ›çš„è’é‡,0,''
Henry,https://hhookurbanb.com,https://avatars.githubusercontent.com/u/139558790?v=4,è«é“æ¡‘æ¦†æ™šï¼Œä¸ºéœå°šæ»¡å¤©,0,'2919259685@qq.com'
Wcowin's Blog,https://wcowin.work/,https://pica.zhimg.com/80/v2-74ecd899c7c4cc0258930eaff239a21b_1440w.webp,å¾ªæ­¤è‹¦æ—…ï¼Œä»¥è¾¾æ˜Ÿè¾°,1,''
å’¸é±¼æš„,https://xuan-insr.github.io,https://xuan-insr.github.io/logo.ico,å’¸é±¼æš„çš„ä»£ç ç©ºé—´ï¼,1,''
Isshikiä¿®,https://note.isshikih.top,https://avatars.githubusercontent.com/u/48550237?v=4,Isshikiä¿®çš„ç¬”è®°,1,''
Tony Crane,https://note.tonycrane.cc,https://avatars.githubusercontent.com/u/44120331?v=4,Tony Craneçš„åšå®¢,1,''
å°è§’é¾™,https://zhang-each.github.io/My-CS-Notebook/,https://zhang-each.github.io/images/self-portrait/avatar.jpeg,å°è§’é¾™çš„å­¦ä¹ ç¬”è®°,1,''
Jiepeng,https://note.jiepeng.tech/,https://avatars.githubusercontent.com/u/65861390?v=4,Jiepeng's notes,1,''
hobbitqia,https://note.hobbitqia.cc,https://avatars.githubusercontent.com/u/89443407?v=4,hobbitqiaçš„ç¬”è®°æœ¬,1,''
æ–¹è½©å›º(Shikai Fang),https://xuangu-fang.github.io/,https://pic1.zhimg.com/v2-fab0b4cf2e99a38926358c675370e6fb_xll.jpg?source=32738c0c&needBackground=1,åšå­¦ä¹‹å®¡é—®ä¹‹æ…æ€ä¹‹æ˜è¾¨ä¹‹ç¬ƒè¡Œä¹‹,1,''
å‘¨é‘«çš„ä¸ªäººåšå®¢,https://www.zhouxin.space,https://pics-zhouxin.oss-cn-hangzhou.aliyuncs.com/Image_1712033897663.jpg,'Time goes on. We live. We learn.',1,''
FengHZ's Blog,https://fenghz.github.io/index.html,https://avatars.githubusercontent.com/u/26215144?v=4,æ¡åˆ°ä¸€æŸå…‰ï¼Œæ‰€ä»¥æ—¥è½æ—¶è¿˜ç»™å¤ªé˜³,1,''
MartinLwx,https://martinlwx.github.io/,https://avatars.githubusercontent.com/u/31351761?v=4,MartinLwx's blog,1,'martinlwx@163.com'
è‹å‰‘æ—,https://kexue.fm/category/Mathematics,https://kexue.fm/usr/themes/geekg/images/avatar.png,ç§‘å­¦ç©ºé—´,1,''
è‹å‰‘æ—,https://www.zhihu.com/people/su-jian-lin-22/posts,https://picx.zhimg.com/v2-6558ca50578916708daa98779d79d86f_xll.jpg?source=32738c0c&needBackground=1,è‹å‰‘æ—çš„çŸ¥ä¹,1,''
Andrej Karpathy,https://karpathy.ai,https://avatars.githubusercontent.com/u/241138?v=4,Andrej Karpathy's blog,1,''
